model,alto_accuracy,tenor_accuracy,bass_accuracy,average_voice_accuracy,exact_atb_accuracy,range_violations,voice_crossings,strong_beat_consonance,repeated_note_ratio,chord_diversity,parallel_fifths_octaves,cadence_score,pitch_class_hist_distance,notes
Lookup baseline,0.9528710725893824,0.9498013723365836,0.9591910436980859,0.9539544962080173,0.9429396894185627,0.0,0.0,0.96875,0.5158730158730159,0.140625,39.0,0.4,0.45633397624694666,soprano pitch-class plus beat-position lookup
BiGRU model,0.053629469122426866,0.04676778620440592,0.05182376309136873,0.05074033947273384,0.03159985554351752,0.0,0.0,0.9479166666666666,0.5753968253968254,0.359375,2.0,0.4,0.931300641441324,bidirectional GRU with beam search and SATB rule penalties
