split,sequences,avg_steps
train,1107,99.48148148148148
validation,56,99.28571428571429
test,55,100.69090909090909
