split,sequences,avg_steps
train,358,95.73743016759776
validation,56,99.28571428571429
test,55,100.69090909090909
